id;name;type;content
1;Burg;parsing;../fake-data/blob/hipster.txt
2;Group Credit Card Account Chips;parsing;../fake-data/blob/hipster.txt
3;infrastructures hacking e-commerce;payment Mobility object-oriented;../fake-data/blob/hipster.txt
4;Consultant;South Carolina Unbranded Wooden Cheese JSON;../fake-data/blob/hipster.txt
5;value-added viral Factors;Jewelery Phased strategic;../fake-data/blob/hipster.txt
6;Graphical User Interface;Mission US Dollar;../fake-data/blob/hipster.txt
7;Unbranded Granite Table;Gorgeous Plastic Salad Avon Djibouti;../fake-data/blob/hipster.txt
8;Principal;Avon Virgin Islands, U.S.;../fake-data/blob/hipster.txt
9;Kentucky;Architect Generic Fresh Shoes Oregon;../fake-data/blob/hipster.txt
10;wireless;Assimilated Representative Saint Helena Pound;../fake-data/blob/hipster.txt
