id;items_on_page;refresh_interval;selected_column;order_column
1;65591;27870;even-keeled Cambridgeshire;Guadeloupe monitoring
2;48487;10747;New Hampshire;Incredible Fresh Tuna
3;62947;47790;attitude withdrawal;Estate Borders bricks-and-clicks
4;53833;97618;Mauritius Rupee Gorgeous Sleek Frozen Towels;Re-contextualized CSS Multi-lateral
5;83826;46264;optical;Bedfordshire Personal Loan Account
6;12672;93285;application programming Cheese;Functionality
7;28984;42428;visualize Money Market Account high-level;Sausages Home Loan Account
8;16617;30520;Visionary Islands;Anguilla
9;63729;1066;Walks;Diverse Multi-channelled intuitive
10;43654;16248;Wyoming parallelism Practical;quantifying Australia Washington
